<?xml version="1.0" encoding="UTF-8"?>
<workflow-app xmlns="uri:oozie:workflow:0.2" name="2.2.4 Process Optimization Module">
    <start to="sqoop-branch-node"/>


	<action name="sqoop-branch-node">    
        <sqoop xmlns="uri:oozie:sqoop-action:0.2">
            <job-tracker>${jobTracker}</job-tracker>  <!--job tracking node is http://sandbox.hortonworks.com:8050 which is define in job properties--> 
            <name-node>${nameNode}</name-node> <!--name node is http://sandbox.hortonworks.com:8020 which is define in job properties--> 
    		
            <configuration>
                <property>
                    <name>mapred.job.queue.name</name>
                    <value>${queueName}</value>
                </property>
            </configuration>
			
            <command>job --meta-connect jdbc:hsqldb:hsql://localhost:16000/sqoop --exec updateBranch</command>  
	    	<archive>/user/oozie/share/lib/lib_20161025075203/sqoop/java-json.jar#java-json.jar</archive>
        </sqoop>
        <ok to="hive-branch-node"/>    <!-- if everything is ok then go to hive node --> 
        <error to="sqoopfail"/>
    </action>	
    <action name="hive-branch-node">
        <hive xmlns="uri:oozie:hive-action:0.2">
            <job-tracker>${jobTracker}</job-tracker>
            <name-node>${nameNode}</name-node>

            <configuration>
                <property>
                    <name>mapred.job.queue.name</name>
                    <value>${queueName}</value>
                </property>
            </configuration>
            <script>CDW_SAPP_D_BRANCH.hql</script> 
        </hive>
        <ok to="sqoop-creditcard-node"/>
        <error to="hivefail"/>
    </action>




    <action name="sqoop-creditcard-node">    
        <sqoop xmlns="uri:oozie:sqoop-action:0.2">
            <job-tracker>${jobTracker}</job-tracker>  <!--job tracking node is http://sandbox.hortonworks.com:8050 which is defined in job properties--> 
            <name-node>${nameNode}</name-node> <!--name node is http://sandbox.hortonworks.com:8020 which is defined in job properties--> 
    		
            <configuration>
                <property>
                    <name>mapred.job.queue.name</name>
                    <value>${queueName}</value>
                </property>
            </configuration>
			
            <command>job --meta-connect jdbc:hsqldb:hsql://localhost:16000/sqoop --exec updateCreditCard</command>
	    	<archive>/user/oozie/share/lib/lib_20161025075203/sqoop/java-json.jar#java-json.jar</archive>
        </sqoop>
        <ok to="hive-creditcard-node"/>    <!-- if everything is ok then go to hive node --> 
        <error to="sqoopfail"/>
    </action>	
    <action name="hive-creditcard-node">
        <hive xmlns="uri:oozie:hive-action:0.2">
            <job-tracker>${jobTracker}</job-tracker>
            <name-node>${nameNode}</name-node>
            <configuration>
                <property>
                    <name>mapred.job.queue.name</name>
                    <value>${queueName}</value>
                </property>
            </configuration>
            <script>CDW_SAPP_F_CREDIT_CARD.hql</script>
        </hive>
        <ok to="sqoop-time-node"/>
        <error to="hivefail"/>
    </action>




    <action name="sqoop-time-node">     
        <sqoop xmlns="uri:oozie:sqoop-action:0.2">
            <job-tracker>${jobTracker}</job-tracker>  <!--job tracking node is http://sandbox.hortonworks.com:8050 which is define in job properties--> 
            <name-node>${nameNode}</name-node> <!--name node is http://sandbox.hortonworks.com:8020 which is define in job properties--> 
    		
            <configuration>
                <property>
                    <name>mapred.job.queue.name</name>
                    <value>${queueName}</value>
                </property>
            </configuration>
			
            <command>job --meta-connect jdbc:hsqldb:hsql://localhost:16000/sqoop --exec updateTime</command>  
	    	<archive>/user/oozie/share/lib/lib_20161025075203/sqoop/java-json.jar#java-json.jar</archive>
        </sqoop>
        <ok to="hive-time-node"/>    <!-- if everything is ok then go to hive node --> 
        <error to="sqoopfail"/>
    </action>
    <action name="hive-time-node">
        <hive xmlns="uri:oozie:hive-action:0.2">
            <job-tracker>${jobTracker}</job-tracker>
            <name-node>${nameNode}</name-node>

            <configuration>
                <property>
                    <name>mapred.job.queue.name</name>
                    <value>${queueName}</value>
                </property>
            </configuration>
            <script>CDW_SAPP_D_TIME.hql</script>
        </hive>
        <ok to="sqoop-customer-node"/>
        <error to="hivefail"/>
    </action>




    <action name="sqoop-customer-node">     
        <sqoop xmlns="uri:oozie:sqoop-action:0.2">
            <job-tracker>${jobTracker}</job-tracker>  <!--job tracking node is http://sandbox.hortonworks.com:8050 which is define in job properties--> 
            <name-node>${nameNode}</name-node> <!--name node is http://sandbox.hortonworks.com:8020 which is define in job properties--> 
            <configuration>
                <property>
                    <name>mapred.job.queue.name</name>
                    <value>${queueName}</value>
                </property>
            </configuration>	
            <command>job --meta-connect jdbc:hsqldb:hsql://localhost:16000/sqoop --exec updateCustomer</command> 		
	    	<archive>/user/oozie/share/lib/lib_20161025075203/sqoop/java-json.jar#java-json.jar</archive>
        </sqoop>
        <ok to="hive-customer-node"/>    
        <error to="sqoopfail"/>
    </action>
    <action name="hive-customer-node">
        <hive xmlns="uri:oozie:hive-action:0.2">
            <job-tracker>${jobTracker}</job-tracker>
            <name-node>${nameNode}</name-node>

            <configuration>
                <property>
                    <name>mapred.job.queue.name</name>
                    <value>${queueName}</value>
                </property>
            </configuration>
            <script>CDW_SAPP_D_CUSTOMER.hql</script>
        </hive>
        <ok to="cleanup-node"/>
        <error to="hivefail"/>
    </action>
	


    <action name="cleanup-node">
        <fs>
				<delete path="${nameNode}/Credit_Card_System/CDW_SAPP_D_BRANCH"/> 
				<delete path="${nameNode}/Credit_Card_System/CDW_SAPP_F_CREDIT_CARD"/>
				<delete path="${nameNode}/Credit_Card_System/CDW_SAPP_D_TIME"/>
				<delete path="${nameNode}/Credit_Card_System/CDW_SAPP_D_CUSTOMER"/>		
        </fs>
        <ok to="end"/>
        <error to="cleanupfail"/>
    </action>
	
	
    <kill name="sqoopfail">
        <message>Sqoop failed, error message[${wf:errorMessage(wf:lastErrorNode())}]</message>
    </kill>	
    <kill name="hivefail">
        <message>Hive failed, error message[${wf:errorMessage(wf:lastErrorNode())}]</message>
	</kill>
    <kill name="cleanupfail">
        <message>Temporary table deletion failed, error message[${wf:errorMessage(wf:lastErrorNode())}]</message>
    </kill>



	<end name="end"/>
</workflow-app>