<coordinator-app xmlns = "uri:oozie:coordinator:0.2" name = " copydata_from_external_orc"  frequency = "${freq}"  start = "${sdate}" end = "2025-04-28T18:00Z" timezone = "America/New_York">
    <controls>
      <timeout>1</timeout>
      <concurrency>1</concurrency>
      <execution>FIFO</execution>
      <throttle>1</throttle>
    </controls>
    <action>
      <workflow>
         <app-path>${nameNode}/unoptimized_oozie/workflow.xml</app-path>
      </workflow>
    </action>
</coordinator-app>
