<?xml version="1.0" encoding="UTF-8"?>
<workflow-app xmlns="uri:oozie:workflow:0.2" name="2.2.3">
    <start to="sqoop-branch-node"/>


	<action name="sqoop-branch-node">    
        <sqoop xmlns="uri:oozie:sqoop-action:0.2">
            <job-tracker>${jobTracker}</job-tracker>  <!--job tracking node is http://sandbox.hortonworks.com:8050 which is define in job properties--> 
            <name-node>${nameNode}</name-node> <!--name node is http://sandbox.hortonworks.com:8020 which is define in job properties--> 
    		
            <configuration>
                <property>
                    <name>mapred.job.queue.name</name>
                    <value>${queueName}</value>
                </property>
            </configuration>
			
			<arg>import</arg>
			<arg>--connect</arg>
			<arg>jdbc:mysql://localhost/cdw_sapp</arg>
			<arg>--driver</arg>
			<arg>com.mysql.jdbc.Driver</arg>			
			<arg>-m</arg>
			<arg>1</arg>
			<arg>--query</arg>
			<arg>SELECT BRANCH_CODE, BRANCH_NAME, BRANCH_STREET, BRANCH_CITY, BRANCH_STATE,
			if (BRANCH_ZIP IS NOT NULL, LPAD(BRANCH_ZIP,5,"0"), 99999) as BRANCH_ZIP,
			concat("(",substring(BRANCH_PHONE,1,3),")", substring(BRANCH_PHONE,4,3),"-", substring(BRANCH_PHONE,7,4)) as BRANCH_PHONE,
			LAST_UPDATED
			from cdw_sapp.cdw_sapp_branch
			where $CONDITIONS </arg>
			<arg>--delete-target-dir</arg>
			<arg>--target-dir</arg>
			<arg>/Credit_Card_System/CDW_SAPP_D_BRANCH</arg>
			<arg>--fields-terminated-by</arg>
			<arg>\t</arg> 
        </sqoop>
        <ok to="hive-branch-node"/>    <!-- if everything is ok then go to hive node --> 
        <error to="sqoop-fail"/>
    </action>
	
    <action name="hive-branch-node">
        <hive xmlns="uri:oozie:hive-action:0.2">
            <job-tracker>${jobTracker}</job-tracker>
            <name-node>${nameNode}</name-node>

            <configuration>
                <property>
                    <name>mapred.job.queue.name</name>
                    <value>${queueName}</value>
                </property>
            </configuration>
            <script>CDW_SAPP_D_BRANCH.hql</script> 
        </hive>
        <ok to="sqoop-creditcard-node"/>
        <error to="hive-fail"/>
    </action>



    <action name="sqoop-creditcard-node">    
        <sqoop xmlns="uri:oozie:sqoop-action:0.2">
            <job-tracker>${jobTracker}</job-tracker>  <!--job tracking node is http://sandbox.hortonworks.com:8050 which is defined in job properties--> 
            <name-node>${nameNode}</name-node> <!--name node is http://sandbox.hortonworks.com:8020 which is defined in job properties--> 
    		
            <configuration>
                <property>
                    <name>mapred.job.queue.name</name>
                    <value>${queueName}</value>
                </property>
            </configuration>
			<arg>import</arg>
			<arg>--connect</arg> 
			<arg>jdbc:mysql://localhost/cdw_sapp</arg>
			<arg>--driver</arg>
			<arg>com.mysql.jdbc.Driver</arg>
			<arg>-m</arg>
			<arg>1</arg>
			<arg>--query</arg>
			<arg>SELECT CREDIT_CARD_NO AS CUST_CC_NO,
			concat(YEAR,lpad(MONTH,2,"0"),lpad(DAY,2,"0")) AS "TIMEID", 
			CUST_SSN,
			BRANCH_CODE,
			TRANSACTION_TYPE,
			TRANSACTION_VALUE,
			TRANSACTION_ID,
			LAST_UPDATED
			from
			cdw_sapp.cdw_sapp_creditcard
			WHERE $CONDITIONS</arg>
			<arg>--delete-target-dir </arg>
			<arg>--target-dir</arg>
			<arg>/Credit_Card_System/CDW_SAPP_F_CREDIT_CARD/</arg>
			<arg>--fields-terminated-by</arg> 
			<arg>\t</arg>		
        </sqoop>
        <ok to="hive-creditcard-node"/>    <!-- if everything is ok then go to hive node --> 
        <error to="sqoop-fail"/>
    </action>	
    <action name="hive-creditcard-node">
        <hive xmlns="uri:oozie:hive-action:0.2">
            <job-tracker>${jobTracker}</job-tracker>
            <name-node>${nameNode}</name-node>
            <configuration>
                <property>
                    <name>mapred.job.queue.name</name>
                    <value>${queueName}</value>
                </property>
            </configuration>
            <script>CDW_SAPP_F_CREDIT_CARD.hql</script>
        </hive>
        <ok to="sqoop-time-node"/>
        <error to="hive-fail"/>
    </action>




    <action name="sqoop-time-node">     
        <sqoop xmlns="uri:oozie:sqoop-action:0.2">
            <job-tracker>${jobTracker}</job-tracker>  <!--job tracking node is http://sandbox.hortonworks.com:8050 which is define in job properties--> 
            <name-node>${nameNode}</name-node> <!--name node is http://sandbox.hortonworks.com:8020 which is define in job properties--> 
    		
            <configuration>
                <property>
                    <name>mapred.job.queue.name</name>
                    <value>${queueName}</value>
                </property>
            </configuration>
			
			<arg>import</arg>
			<arg>--connect</arg>
			<arg>jdbc:mysql://localhost/cdw_sapp</arg>
			<arg>--driver</arg>
			<arg>com.mysql.jdbc.Driver</arg>			
			<arg>-m</arg>
			<arg>1</arg>
			<arg>--query</arg>
			<arg>SELECT TRANSACTION_ID,
				concat(YEAR,lpad(MONTH,2,"0"),lpad(DAY,2,"0")) AS "TIMEID",
				LPAD(DAY,2,"0") AS "DAY",
				LPAD(MONTH,2,"0") AS "MONTH",
				CASE
					WHEN MONTH IN (1,2,3) THEN "Q1"
					WHEN MONTH IN (4,5,6) THEN "Q2"
					WHEN MONTH IN (7,8,9) THEN "Q3"
					WHEN MONTH IN (10,11,12) THEN "Q4"
				END AS Quarter,
				YEAR,
				LAST_UPDATED
				FROM
				cdw_sapp.cdw_sapp_creditcard
				WHERE $CONDITIONS</arg>
			<arg>--delete-target-dir</arg>
			<arg>--target-dir</arg>
			<arg>/Credit_Card_System/CDW_SAPP_D_TIME</arg>
			<arg>--fields-terminated-by</arg>
			<arg>\t</arg>
        </sqoop>
        <ok to="hive-time-node"/>    <!-- if everything is ok then go to hive node --> 
        <error to="sqoop-fail"/>
    </action>
    <action name="hive-time-node">
        <hive xmlns="uri:oozie:hive-action:0.2">
            <job-tracker>${jobTracker}</job-tracker>
            <name-node>${nameNode}</name-node>

            <configuration>
                <property>
                    <name>mapred.job.queue.name</name>
                    <value>${queueName}</value>
                </property>
            </configuration>
            <script>CDW_SAPP_D_TIME.hql</script>
        </hive>
        <ok to="sqoop-customer-node"/>
        <error to="hive-fail"/>
    </action>




    <action name="sqoop-customer-node">     
        <sqoop xmlns="uri:oozie:sqoop-action:0.2">
            <job-tracker>${jobTracker}</job-tracker>  <!--job tracking node is http://sandbox.hortonworks.com:8050 which is define in job properties--> 
            <name-node>${nameNode}</name-node> <!--name node is http://sandbox.hortonworks.com:8020 which is define in job properties--> 
            <configuration>
                <property>
                    <name>mapred.job.queue.name</name>
                    <value>${queueName}</value>
                </property>
            </configuration>	
			<arg>import</arg>
			<arg>--connect</arg>
			<arg>jdbc:mysql://localhost/cdw_sapp</arg>
			<arg>--driver</arg>
			<arg>com.mysql.jdbc.Driver</arg>			
			<arg>-m</arg>
			<arg>1</arg>
			<arg>--query</arg>
			<arg>SELECT
				SSN AS CUST_SSN,
				CONCAT(UPPER(SUBSTRING(FIRST_NAME,1,1)),LOWER(SUBSTRING(FIRST_NAME,2))) AS CUST_F_NAME,
				LOWER(MIDDLE_NAME) AS CUST_M_NAME,
				CONCAT(UPPER(SUBSTRING(LAST_NAME,1,1)),LOWER(SUBSTRING(LAST_NAME,2))) AS CUST_L_NAME,
				CREDIT_CARD_NO AS CUST_CC_NO,
				CONCAT(APT_NO," ",STREET_NAME) AS CUST_STREET,
				CUST_CITY,
				CUST_STATE,
				CUST_COUNTRY,
				CUST_ZIP,
				CONCAT(SUBSTRING(CUST_PHONE,1,3),"-",SUBSTRING(CUST_PHONE,4)) AS CUST_PHONE,
				CUST_EMAIL,
				LAST_UPDATED
				FROM
				cdw_sapp.cdw_sapp_customer
				WHERE $CONDITIONS
			</arg>
			<arg>--delete-target-dir</arg>
			<arg>--target-dir</arg>
			<arg>/Credit_Card_System/CDW_SAPP_D_CUSTOMER</arg>
			<arg>--fields-terminated-by</arg>
			<arg>\t</arg>
        </sqoop>
        <ok to="hive-customer-node"/>    
        <error to="sqoop-fail"/>
    </action>
    <action name="hive-customer-node">
        <hive xmlns="uri:oozie:hive-action:0.2">
            <job-tracker>${jobTracker}</job-tracker>
            <name-node>${nameNode}</name-node>

            <configuration>
                <property>
                    <name>mapred.job.queue.name</name>
                    <value>${queueName}</value>
                </property>
            </configuration>
            <script>CDW_SAPP_D_CUSTOMER.hql</script>
        </hive>
        <ok to="cleanup-node"/>
        <error to="hive-fail"/>
    </action>



    <action name="cleanup-node">
        <fs>
				<delete path="${nameNode}/Credit_Card_System/CDW_SAPP_D_BRANCH"/> 
				<delete path="${nameNode}/Credit_Card_System/CDW_SAPP_F_CREDIT_CARD"/>
				<delete path="${nameNode}/Credit_Card_System/CDW_SAPP_D_TIME"/>
				<delete path="${nameNode}/Credit_Card_System/CDW_SAPP_D_CUSTOMER"/>		
        </fs>
        <ok to="end"/>
        <error to="delete-fail"/>
    </action>


    <kill name="sqoop-fail">
        <message>Sqoop failed, error message[${wf:errorMessage(wf:lastErrorNode())}]</message>
    </kill>	
    <kill name="hive-fail">
        <message>Hive failed, error message[${wf:errorMessage(wf:lastErrorNode())}]</message>
	</kill>
    <kill name="delete-fail">
        <message>Deletion failed, error message[${wf:errorMessage(wf:lastErrorNode())}]</message>
    </kill>

	<end name="end"/>
</workflow-app>